"ID","ID","NAME","START_AT","END_AT","ARTWORKS_COUNT","PARTNERS_COUNT","ARTISTS_COUNT","PARTNER_SHOWS_COUNT","PUBLISHED","STATUS"
"a0TM000000AUlvYMAT","511511f55e182126980001fc","London Art Fair 2013","2013-02-16 05:00:00.0","2013-02-20 05:00:00.0","7","1","4","1","true","Item Updated"
"a0TM000000AUlvZMAT","51240f0056c54840370005a4","SCOPE Art Show New York","2013-03-06 05:00:00.0","2013-03-10 05:00:00.0","5","1","2","1","true","Item Updated"
"a0TM000000AUlvaMAD","512411e5a3f6a29871000600","Moving Image","2013-03-07 05:00:00.0","2013-03-10 05:00:00.0","2","1","2","1","true","Item Updated"
"a0TM000000AUlvbMAD","53bc188c726169041e851500","Art Southampton 2014","2014-07-24 04:00:00.0","2014-07-29 03:59:00.0","179","17","81","17","true","Item Updated"
"a0TM000000AUlvcMAD","544f8af27261692d72e90200","Melbourne Art Fair","2014-08-13 12:22:00.0","2014-08-17 12:22:00.0","6","1","4","1","false","Item Updated"
"a0TM000000AUlvdMAD","512410cf3f351b074d0005f4","Independent","2013-03-07 05:00:00.0","2013-03-10 05:00:00.0","0","0","0","0","true","Item Updated"
"a0TM000000AUlveMAD","5124127476fa9f9518000623","Lille Art Fair","2013-03-07 05:00:00.0","2013-03-10 05:00:00.0","0","0","0","0","true","Item Updated"
"a0TM000000AUlvfMAD","51687a77a12a786d8e0005cd","London Original Print Fair","2013-04-25 04:00:00.0","2013-04-28 04:00:00.0","17","2","8","2","true","Item Updated"
"a0TM000000AUlvgMAD","515bdcbaea092f003c001b03","Gallery Weekend Berlin","2013-04-25 22:00:00.0","2013-04-27 22:00:00.0","0","0","0","0","true","Item Updated"
"a0TM000000AUlvhMAD","524f1ce47622dd9e860000e9","PAD London 2013","2013-10-16 04:00:00.0","2013-10-20 04:00:00.0","17","3","12","3","true","Item Updated"
"a0TM000000AUlviMAD","51a5db5f275b24443d000070","Venice Biennale 2013","2013-05-31 22:00:00.0","2013-11-23 23:00:00.0","4","1","1","1","true","Item Updated"
"a0TM000000AUlvjMAD","51d44b3e275b24d14d0002b6","ArtHamptons","2013-07-11 04:00:00.0","2013-07-14 04:00:00.0","17","1","5","1","true","Item Updated"
"a0TM000000AUlvkMAD","520b5bcc9c18db0d960002a7","art berlin contemporary","2013-09-18 23:00:00.0","2013-09-21 23:00:00.0","15","4","4","4","true","Item Updated"
"a0TM000000AUlvlMAD","53231113139b21f0f1000438","Design Days Dubai 2014","2014-03-17 14:23:00.0","2014-03-24 14:23:00.0","5","1","3","1","true","Item Updated"
"a0TM000000AUlvmMAD","51478b338e30f7b84500016e","AIPAD Photography Show 2013","2013-04-04 04:00:00.0","2013-04-07 04:00:00.0","91","10","48","10","true","Item Updated"
"a0TM000000AUlvnMAD","5213a7e77622dd45a70000b9","The Baltimore Summer Antiques Show","2013-08-21 04:00:00.0","2013-08-25 04:00:00.0","27","1","7","1","true","Item Updated"
"a0TM000000AUlvoMAD","5391d527cd530ea38e00004a","Paris Photo 2014","2014-11-13 15:48:00.0","2014-11-16 15:48:00.0","78","2","10","2","false","Item Updated"
"a0TM000000AUlvpMAD","5166c5ec576c22b00600004b","Frieze Week NY 2013 (Frieze, NADA, PULSE)","2013-05-09 04:00:00.0","2013-05-13 04:00:00.0","274","38","109","38","true","Item Updated"
"a0TM000000AUlvqMAD","52617c6c8b3b81f094000013","The Armory Show 2014","2014-03-06 17:00:00.0","2014-03-09 23:00:00.0","1435","140","630","140","true","Item Updated"
"a0TM000000AUlvrMAD","534847c4b202a342a1000008","Frieze NY 2014","2014-05-09 15:00:00.0","2014-05-11 00:00:00.0","743","91","353","91","true","Item Updated"
"a0TM000000AUlvsMAD","55258a747261691dcd8f0600","Papier15","2015-04-23 20:03:00.0","2015-04-26 20:03:00.0","9","1","2","1","true","Item Updated"
"a0TM000000AUlvtMAD","5240a73ca09a672cfe0003a0","(e)merge 2013","2013-10-03 04:00:00.0","2013-10-06 04:00:00.0","5","1","1","1","true","Item Updated"
"a0TM000000AUlvuMAD","5249e5c4c9dc24abc900020f","Korean International Art Fair (KIAF)","2013-09-01 04:00:00.0","2013-09-08 04:00:00.0","7","1","6","1","true","Item Updated"
"a0TM000000AUlvvMAD","5250223ccd530e5cc200042d","ViennaFair 2013","2013-10-09 22:00:00.0","2013-10-12 22:00:00.0","33","3","11","3","true","Item Updated"
"a0TM000000AUlvwMAD","5252f50d275b241bee000077","CONTEXT Art Miami 2013","2013-12-05 05:00:00.0","2013-12-08 05:00:00.0","60","6","23","6","true","Item Updated"
"a0TM000000AUlvxMAD","529306fc8b3b815ba4000137","Art Market Budapest 2013","2013-11-27 23:00:00.0","2013-11-30 23:00:00.0","0","0","0","0","true","Item Updated"
"a0TM000000AUlvyMAD","525aee82c9dc2425dc000183","Outsider Art Fair Paris","2013-10-24 04:00:00.0","2013-10-27 04:00:00.0","8","1","1","1","true","Item Updated"
"a0TM000000AUlvzMAD","525e9bf39c18db46cf0002a3","Arte Padova","2013-11-15 05:00:00.0","2013-11-18 05:00:00.0","0","0","0","0","true","Item Updated"
"a0TM000000AUlw0MAD","525e9cb17622dd6ec400003e","ArteGenova","2014-02-14 05:00:00.0","2014-02-17 05:00:00.0","0","0","0","0","true","Item Updated"
"a0TM000000AUlw1MAD","52614b29b202a383bb00008e","The San Francisco Fall Antiques Show","2013-10-24 04:00:00.0","2013-10-27 04:00:00.0","0","0","0","0","true","Item Updated"
"a0TM000000AUlw2MAD","52740ce0275b24139b0001f3","SCOPE Miami Beach 2013","2013-12-03 05:00:00.0","2013-12-08 05:00:00.0","26","2","4","2","true","Item Updated"
"a0TM000000AUlw3MAD","5238cc11c9dc2490fa0002a6","The Salon: Art + Design 2013","2013-11-14 05:00:00.0","2013-11-18 05:00:00.0","263","38","141","38","true","Item Updated"
"a0TM000000AUlw4MAD","527e99a2139b213c6200006d","Aqua Art Miami 2013","2013-12-04 05:00:00.0","2013-12-08 05:00:00.0","37","3","16","3","true","Item Updated"
"a0TM000000AUlw5MAD","5283d324c9dc245ee3000143","Miami Project 2013","2013-12-03 05:00:00.0","2013-12-08 05:00:00.0","24","7","19","7","true","Item Updated"
"a0TM000000AUlw6MAD","528c7ea9139b21fe730002ff","Abu Dhabi Art 2013","2013-11-19 23:00:00.0","2013-11-22 23:00:00.0","18","2","10","2","true","Item Updated"
"a0TM000000AUlw7MAD","52938e4ac9dc2415e8000001","LA Art Show ","2014-01-15 05:00:00.0","2014-01-19 05:00:00.0","68","5","23","6","true","Item Updated"
"a0TM000000AUlw8MAD","527d609b139b210bab00026c","NADA Miami Beach 2013","2013-12-05 05:00:00.0","2013-12-08 05:00:00.0","472","58","195","58","true","Item Updated"
"a0TM000000AUlw9MAD","52d55172a09a67bf6e00003e","Art Aspen 2012","2012-08-02 04:00:00.0","2012-08-05 04:00:00.0","0","0","0","0","true","Item Updated"
"a0TM000000AUlwAMAT","52d5a758b202a3e5fb00018e","photo l.a. 2013","2013-01-17 05:00:00.0","2013-01-21 05:00:00.0","0","0","0","0","true","Item Updated"
"a0TM000000AUlwBMAT","52de9bae275b24d1b0000481","The International Fine Art and Antiques Dealers Show 2013","2013-10-25 04:00:00.0","2013-10-31 04:00:00.0","16","1","10","1","true","Item Updated"
"a0TM000000AUlwCMAT","52debbf5c9dc24f2a6000052","Art14 London","2014-02-28 05:00:00.0","2014-03-02 05:00:00.0","135","14","51","14","true","Item Updated"
"a0TM000000AUlwDMAT","52f0fcd8a09a67cc390007ef","artgenève 2014","2014-01-30 05:00:00.0","2014-02-02 05:00:00.0","16","1","3","1","true","Item Updated"
"a0TM000000AUlwEMAT","52f8e14a275b24ba38000080","art KARLSRUHE 2014","2014-03-12 23:00:00.0","2014-03-15 23:00:00.0","0","0","0","0","true","Item Updated"
"a0TM000000AUlwFMAT","52fd17dec9dc240bda0004bd","Moving Image New York 2014","2014-03-06 05:00:00.0","2014-03-09 05:00:00.0","29","19","24","19","true","Item Updated"
"a0TM000000AUlwGMAT","53089d289c18db5919000169","VOLTA NY 2014","2014-03-06 18:00:00.0","2014-03-09 12:43:00.0","43","10","11","10","true","Item Updated"
"a0TM000000AUlwHMAT","505797122a5b7500020006a0","The Armory Show 2013","2013-03-07 05:00:00.0","2013-03-10 05:00:00.0","1001","119","427","119","true","Item Updated"
"a0TM000000AUlwIMAT","5314a9d4c9dc24f46100022f","Love Art Toronto","2014-05-07 04:00:00.0","2014-05-12 03:59:00.0","15","2","7","2","true","Item Updated"
"a0TM000000AUlwJMAT","5124121056c54840370005bc","TEFAF Maastricht 2013","2013-03-15 04:00:00.0","2013-03-24 04:00:00.0","14","1","11","1","true","Item Updated"
"a0TM000000AUlwKMAT","51c483e18b3b81fe1d0002a3","Masterpiece London 2013","2013-06-27 04:00:00.0","2013-07-03 04:00:00.0","12","3","10","3","true","Item Updated"
"a0TM000000AUlwLMAT","533343a5139b211ffd0005c9","AIPAD Photography Show 2014","2014-04-10 04:00:00.0","2014-04-14 03:59:00.0","66","5","36","5","true","Item Updated"
"a0TM000000AUlwMMAT","533c10fd275b24b46500001c","Art Cologne 2014","2014-04-10 13:28:00.0","2014-04-13 13:28:00.0","134","6","43","6","true","Item Updated"
"a0TM000000AUlwNMAT","534047688b3b812e600003cf","Artshow Busan 2014","2014-04-05 18:11:00.0","2014-04-05 18:11:00.0","0","0","0","0","true","Item Updated"
"a0TM000000AUlwOMAT","50eead28cf9257ca730005d2","Art Dubai 2013","2013-03-19 04:00:00.0","2013-03-22 04:00:00.0","30","4","11","4","true","Item Updated"
"a0TM000000AUlwPMAT","5310c908cb4c27f0b700008b","PAD Paris 2012","2012-03-21 16:33:00.0","2012-04-01 16:33:00.0","0","0","0","0","false","Item Updated"
"a0TM000000AUlwQMAT","52f0065f7622ddf61e000126","Art Rotterdam 2014","2014-02-06 05:00:00.0","2014-02-09 05:00:00.0","4","1","4","1","true","Item Updated"
"a0TM000000AUlwRMAT","5310c953b202a33974000086","PAD Paris 2013","2013-03-26 16:36:00.0","2013-04-01 16:36:00.0","0","0","0","0","false","Item Updated"
"a0TM000000AUlwSMAT","534d81d3c9dc247df4000236","Downtown Fair 2014","2014-05-08 07:01:00.0","2014-05-11 06:59:00.0","153","15","75","15","true","Item Updated"
"a0TM000000AUlwTMAT","535ee3668b3b81bf81000438","ArtHamptons 2014","2014-07-10 23:22:00.0","2014-07-13 23:22:00.0","92","9","31","9","true","Item Updated"
"a0TM000000AUlwUMAT","534fdf7fa09a674f030002a6","cutlog New York 2014","2014-05-08 07:01:00.0","2014-05-12 06:59:00.0","14","2","5","2","true","Item Updated"
"a0TM000000AUlwVMAT","5363e5911a1e86455a000127","Salon Zürcher","2014-05-05 18:35:00.0","2014-05-12 18:35:00.0","9","1","2","1","true","Item Updated"
"a0TM000000AUlwWMAT","53bc185d7261690429a01700","Art Hamptons","2014-07-10 04:01:00.0","2014-07-14 03:59:00.0","37","2","7","2","true","Item Updated"
"a0TM000000AUlwXMAT","53b1728b72616915d5260000","Photo Shanghai 2014","2014-09-05 14:21:00.0","2014-09-07 14:21:00.0","0","0","0","0","false","Item Updated"
"a0TM000000AUlwYMAT","522652069c18dbfa480000ef","IFPDA Print Fair","2013-11-06 00:32:00.0","2013-11-10 00:32:00.0","992","52","350","52","true","Item Updated"
"a0TM000000AUlwZMAT","54258a7f72616907ea920000","The International Fine Art & Antique Dealers Show 2014","2014-10-17 15:45:00.0","2014-10-23 15:45:00.0","7","1","2","1","true","Item Updated"
"a0TM000000AUlwaMAD","5433ff987261692cc6590100","Independent Projects","2014-11-06 14:57:00.0","2014-11-09 14:57:00.0","19","2","2","2","true","Item Updated"
"a0TM000000AUlwbMAD","54382f1e7261691d554e0000","Abu Dhabi Art 2014","2014-11-05 19:09:00.0","2014-11-08 19:09:00.0","42","4","20","4","true","Item Updated"
"a0TM000000AUlwcMAD","543fb9e77261692d523a0000","Kunst 14 Zürich","2014-10-30 12:27:00.0","2014-11-02 12:27:00.0","0","0","0","0","true","Item Updated"
"a0TM000000AUlwdMAD","546b5c3172616910fbb00b00","Cologne Fine Art 2014","2014-11-18 14:47:00.0","2014-11-23 14:47:00.0","2","1","1","1","true","Item Updated"
"a0TM000000AUlweMAD","5253205d7622ddad570000b9","PINTA NY","2013-11-14 05:00:00.0","2013-11-17 05:00:00.0","483","45","133","45","true","Item Updated"
"a0TM000000AUlwfMAD","52dc4b419acc8aa73a0001e1","Collective Design Fair","2014-05-08 04:00:00.0","2014-05-11 04:00:00.0","504","34","232","34","true","Item Updated"
"a0TM000000AUlwgMAD","53079616b202a37a820000bb","Dallas Art Fair 2014","2014-04-10 04:00:00.0","2014-04-13 22:00:00.0","950","66","386","66","true","Item Updated"
"a0TM000000AUlwhMAD","534406b6cb4c27acfe00000a","NADA New York 2014","2014-05-09 16:00:00.0","2014-05-11 16:00:00.0","567","66","174","66","true","Item Updated"
"a0TM000000AUlwiMAD","5348489d139b21a0dc000018","arteBA 2014","2014-05-23 18:00:00.0","2014-05-26 21:00:00.0","881","62","275","62","true","Item Updated"
"a0TM000000AUlwjMAD","54dd27407261693dbed90600","Shanghai Art Fair 2015","2015-11-12 22:20:00.0","2015-11-15 22:20:00.0","0","0","0","0","true","Item Updated"
"a0TM000000AUlwkMAD","54ecd68e7261694c19780d00","art KARLSRUHE 2015","2015-03-05 19:52:00.0","2015-03-08 19:52:00.0","26","2","10","2","true","Item Updated"
"a0TM000000AUlwlMAD","54f473287261696383e60900","Affordable Art Fair Battersea 2015","2015-03-12 14:25:00.0","2015-03-15 14:25:00.0","26","1","12","1","true","Item Updated"
"a0TM000000AUlwmMAD","54f9dc167261690df7613f00","NADA New York 2015","2015-05-14 11:00:00.0","2015-05-17 18:00:00.0","296","27","67","27","true","Item Updated"
"a0TM000000AUlwnMAD","551c1a1d7261692b588d0400","Parc 2015","2015-04-22 16:17:00.0","2015-04-26 16:17:00.0","26","2","5","2","true","Item Updated"
"a0TM000000AUlwoMAD","552f95a2726169024c1f4800","OFF COURSE Brussels Contemporary Art Fair 2015","2015-04-24 11:00:00.0","2015-04-26 18:30:00.0","15","1","3","1","false","Item Updated"
"a0TM000000AUlwpMAD","55300315726169590a850000","Art Athina 2015","2015-06-04 14:44:00.0","2015-06-07 14:44:00.0","0","0","0","0","true","Item Updated"
"a0TM000000AUlwqMAD","53691beea09a67163f000092","VOLTA10","2014-06-16 17:28:00.0","2014-06-21 17:28:00.0","71","5","23","5","true","Item Updated"
"a0TM000000AUlwrMAD","5118944801d2103987000197","ADAA The Art Show 2013","2013-03-06 05:00:00.0","2013-03-10 05:00:00.0","6","1","1","1","true","Item Updated"
"a0TM000000AUlwsMAD","53da57ac7261690a9ed00700","(OFF)ICIELLE 2014","2014-10-22 14:49:00.0","2014-10-26 14:49:00.0","40","6","13","6","true","Item Updated"
"a0TM000000AUlwtMAD","53dbac607261692d783c0000","abc art berlin contemporary 2014","2014-09-18 12:00:00.0","2014-09-21 18:00:00.0","34","12","13","12","false","Item Updated"
"a0TM000000AUlwuMAD","53a6cc1a7261692b975d0700","Start Art Fair 2014","2014-06-26 12:27:00.0","2014-06-29 12:27:00.0","2","1","2","1","true","Item Updated"
"a0TM000000AUlwvMAD","53e29e1f7261692d3e120000","Affordable Art Fair Battersea 2014","2014-10-23 21:27:00.0","2014-10-26 21:27:00.0","0","0","0","0","true","Item Updated"
"a0TM000000AUlwwMAD","53e29cf97261695e09090000","Affordable Art Fair Hong Kong 2014","2014-03-20 21:23:00.0","2014-03-23 21:23:00.0","35","3","7","3","true","Item Updated"
"a0TM000000AUlwxMAD","53e29ed1726169630b390000","Affordable Art Fair New York City 2014","2014-09-25 21:29:00.0","2014-09-29 21:29:00.0","79","4","31","4","true","Item Updated"
"a0TM000000AUlwyMAD","53f250d0726169488aa50100","Texas Contemporary 2014","2014-09-04 18:54:00.0","2014-09-07 18:54:00.0","65","6","21","6","true","Item Updated"
"a0TM000000AUlwzMAD","53fcbd527261692d7a2a0100","Lima Photo 2014","2014-08-06 16:58:00.0","2014-08-10 16:58:00.0","0","0","0","0","true","Item Updated"
"a0TM000000AUlx0MAD","552fff9d72616934210c0000","Photo Independent Art Fair 2015","2015-05-01 14:29:00.0","2015-05-03 14:29:00.0","0","0","0","0","true","Item Updated"
"a0TM000000AUlx1MAD","55b132e172616970c70000aa","ARCOmadrid 2016","2016-02-24 14:30:00.0","2016-02-28 14:30:00.0","0","0","0","0","true","Item Updated"
"a0TM000000AUlx2MAD","55b24985726169316f000440","SCOPE Miami Beach 2015","2015-12-01 14:18:00.0","2015-12-06 14:18:00.0","0","0","0","0","true","Item Updated"
"a0TM000000AUlx3MAD","55d5f33372616926db0002e6","ARTBO 2015","2015-10-01 12:00:00.0","2015-10-04 18:00:00.0","136","12","35","12","true","Item Updated"
"a0TM000000AUlx4MAD","53d26eeb7261692cc19c0000","CHART | ART FAIR 2014","2014-08-29 11:00:00.0","2014-08-31 21:00:00.0","254","24","76","24","true","Item Updated"
"a0TM000000AUlx5MAD","53aaa0eb726169327b800300","ArtRio 2014","2014-09-10 17:00:00.0","2014-09-14 00:00:00.0","1248","86","443","90","true","Item Updated"
"a0TM000000AUlx6MAD","5406c3dc72616915c3011600","Art Taipei 2014","2014-10-31 07:30:00.0","2014-11-03 07:30:00.0","159","22","71","22","true","Item Updated"
"a0TM000000AUlx7MAD","53e7efd77261692d69f00100","Cosmoscow 2014","2014-09-19 11:00:00.0","2014-09-21 20:00:00.0","280","24","56","24","true","Item Updated"
"a0TM000000AUlx8MAD","53bc20c37261692d55540100","ArtInternational 2014","2014-09-26 12:00:00.0","2014-09-28 18:00:00.0","547","60","219","60","true","Item Updated"
"a0TM000000AUlx9MAD","541372b17261690e3a1e0f00","CONTEXT Art Miami 2014","2014-12-02 22:24:00.0","2014-12-07 22:24:00.0","137","11","63","11","true","Item Updated"
"a0TM000000AUlxAMAT","53adaffa72616922f4430000","Moving Image Istanbul","2014-09-25 17:52:00.0","2014-09-28 17:52:00.0","40","23","27","23","true","Item Updated"
"a0TM000000AUlxBMAT","542189b37261692d6d030100","PAD London 2014","2014-10-15 14:54:00.0","2014-10-19 14:54:00.0","131","8","69","8","false","Item Updated"
"a0TM000000AUlxCMAT","52333e078b3b819ea300074e","Frieze London","2013-10-16 04:00:00.0","2013-10-19 04:00:00.0","443","58","194","59","true","Item Updated"
"a0TM000000AUlxDMAT","542e52837261692f5a151600","Art Fair Tokyo 2015","2015-03-20 07:35:00.0","2015-03-22 07:35:00.0","181","19","59","19","false","Item Updated"
"a0TM000000AUlxEMAT","5408d6d772616964feca0200","Frieze London 2014","2014-10-15 12:00:00.0","2014-10-18 19:00:00.0","847","86","347","86","true","Item Updated"
"a0TM000000AUlxFMAT","5408d75372616919cc6f0200","Frieze Masters 2014","2014-10-15 12:00:00.0","2014-10-19 18:00:00.0","375","44","107","44","true","Item Updated"
"a0TM000000AUlxGMAT","543d371a7261692ea8ec0400","Feature: Contemporary Art Fair 2014","2014-10-23 14:44:00.0","2014-10-26 14:44:00.0","0","0","0","0","true","Item Updated"
"a0TM000000AUlxHMAT","5448e9ca7261692dda460000","Yia Art Fair","2014-10-23 11:42:00.0","2014-10-26 11:42:00.0","11","2","3","2","true","Item Updated"
"a0TM000000AUlxIMAT","544e59aa7261692dcdd10000","Singapore Art Fair 2014","2014-11-27 14:41:00.0","2014-11-30 14:41:00.0","104","3","15","3","true","Item Updated"
"a0TM000000AUlxJMAT","545cdf3372616942ce030500","Boston International Fine Art Show 2014","2014-11-13 15:00:00.0","2014-11-16 15:00:00.0","13","1","9","1","true","Item Updated"
"a0TM000000AUlxKMAT","545dec187261694bebb20200","fotofever 2014","2014-11-14 18:09:00.0","2014-11-16 10:07:00.0","0","0","0","0","false","Item Updated"
"a0TM000000AUlxLMAT","5461d0ed7261692d4c310c00","artgeneve 2015","2015-01-29 09:00:00.0","2015-02-01 09:00:00.0","39","5","18","5","true","Item Updated"
"a0TM000000AUlxMMAT","546306b67261691f1b260600","Miami Project 2014","2014-12-02 07:16:00.0","2014-12-07 07:16:00.0","426","22","153","22","true","Item Updated"
"a0TM000000AUlxNMAT","5463b56872616907d0580000","SELECT Fair Miami Beach 2014","2014-12-02 19:28:00.0","2014-12-07 19:28:00.0","34","1","2","1","true","Item Updated"
"a0TM000000AUlxOMAT","5469fffc7261691109120700","PAN Amsterdam 2014","2014-11-23 14:02:00.0","2014-11-30 14:02:00.0","3","1","3","1","false","Item Updated"
"a0TM000000AUlxPMAT","546b24d17261697c36ff0a00","Affordable Art Fair Singapore 2014","2014-11-20 10:51:00.0","2014-11-23 10:51:00.0","37","1","13","1","false","Item Updated"
"a0TM000000AUlxQMAT","545109357261690aa3720700","PULSE Miami Beach 2014","2014-12-04 11:00:00.0","2014-12-07 22:00:00.0","763","61","182","61","true","Item Updated"
"a0TM000000AUlxRMAT","5473ae0172616915bbdc0100","California Antiquarian Book Fair 2014","2014-02-07 22:13:00.0","2014-02-09 22:13:00.0","6","1","6","1","true","Item Updated"
"a0TM000000AUlxSMAT","547c95677261692d8cc10100","Pinta New York 2012","2012-11-15 16:19:00.0","2012-11-18 16:19:00.0","5","1","2","1","true","Item Updated"
"a0TM000000AUlxTMAT","547ddbca7261692c6fc30a00","Affordable Art Fair New York Spring 2014","2014-04-03 15:32:00.0","2014-04-06 15:32:00.0","11","1","4","1","true","Item Updated"
"a0TM000000AUlxUMAT","547ddde17261692e0e1b0900","Affordable Art Fair New York Fall 2011","2011-09-22 15:41:00.0","2011-09-25 15:41:00.0","0","0","0","0","true","Item Updated"
"a0TM000000AUlxVMAT","54871df07261691f017c0300","India Art Fair 2015","2015-01-29 10:00:00.0","2015-02-01 18:00:00.0","329","13","81","13","true","Item Updated"
"a0TM000000AUlxWMAT","549210e77261692dade80200","Art Miami 2011","2011-11-30 23:24:00.0","2011-12-04 23:24:00.0","0","0","0","0","true","Item Updated"
"a0TM000000AUlxXMAT","549a8929726169625eb50600","Busan Biennale","2014-09-20 09:35:00.0","2014-09-22 09:35:00.0","0","0","0","0","true","Item Updated"
"a0TM000000AUlxYMAT","54ad53c87261692572130400","Outsider Art Fair 2015","2015-01-29 15:40:00.0","2015-02-01 15:40:00.0","84","4","42","4","true","Item Updated"
"a0TM000000AUlxZMAT","54887cdf7261691ef28a0000","FOG Design+Art 2015","2015-01-15 19:00:00.0","2015-01-18 20:00:00.0","377","32","161","32","true","Item Updated"
"a0TM000000AUlxaMAD","54adda3a72616966aa620900","photo l.a. 2015","2015-01-15 23:00:00.0","2015-01-18 23:00:00.0","77","2","13","2","true","Item Updated"
"a0TM000000AUlxbMAD","54aef13b7261690fc8720200","artMRKT San Francisco 2013","2013-05-17 23:00:00.0","2013-05-19 23:00:00.0","0","0","0","0","true","Item Updated"
"a0TM000000AUlxcMAD","546a122e7261692d5da10000","Art Stage Singapore 2015","2015-01-22 15:19:00.0","2015-01-25 15:19:00.0","1799","148","520","149","true","Item Updated"
"a0TM000000AUlxdMAD","54b577e37261692c8cde0200","Art City Bologna 2015","2015-01-23 19:53:00.0","2015-01-26 19:53:00.0","26","1","11","1","false","Item Updated"
"a0TM000000AUlxeMAD","54871d797261691f04b80300","Art Los Angeles Contemporary 2015","2015-01-29 11:00:00.0","2015-02-01 18:00:00.0","327","44","107","44","true","Item Updated"
"a0TM000000AUlxfMAD","54c26ef97261692bc0a80000","Art Paris 2015","2015-03-26 15:54:00.0","2015-03-29 15:54:00.0","86","8","32","8","true","Item Updated"
"a0TM000000AUlxgMAD","54c8419f7261692b71450800","VOLTA NY 2015","2015-03-05 11:00:00.0","2015-03-08 17:00:00.0","264","20","23","21","true","Item Updated"
"a0TM000000AUlxhMAD","543865d4726169329c350300","Zona MACO 2015","2015-02-04 12:00:00.0","2015-02-08 20:00:00.0","1410","109","425","113","true","Item Updated"
"a0TM000000AUlxiMAD","54cc14b2726169399e2e0200","Affordable Art Fair Spring 2015","2015-03-25 23:32:00.0","2015-03-29 23:32:00.0","155","6","39","6","true","Item Updated"
"a0TM000000AUlxjMAD","54d3ab717261692c655c0500","SPRING/BREAK Art Show 2015","2015-03-03 17:33:00.0","2015-03-08 17:33:00.0","8","1","3","1","true","Item Updated"
"a0TM000000AUlxkMAD","5168628e66b84a4af900044a","Art Brussels 2013","2013-04-18 04:00:00.0","2013-04-21 04:00:00.0","11","1","3","1","true","Item Updated"
"a0TM000000AUlxlMAD","5227735c8b3b8125fd000366","Art Toronto 2013","2013-10-25 04:00:00.0","2013-10-28 04:00:00.0","1554","95","539","96","true","Item Updated"
"a0TM000000AUlxmMAD","52a64e1f8b3b8117b50000d7","Art Stage Singapore 2014","2014-01-16 05:00:00.0","2014-01-19 05:00:00.0","881","116","346","128","true","Item Updated"
"a0TM000000AUlxnMAD","52b7b380cd530e85ab0002ca","FOG Design+Art","2014-01-17 08:00:00.0","2014-01-19 08:00:00.0","481","26","145","26","true","Item Updated"
"a0TM000000AUlxoMAD","53516fb8cb4c278bba00006c","Art Basel 2014","2014-06-19 15:00:00.0","2014-06-22 23:00:00.0","1445","142","655","142","true","Item Updated"
"a0TM000000AUlxpMAD","54dbda5a7261696b08a81400","SCOPE New York 2015","2015-03-06 22:40:00.0","2015-03-08 22:40:00.0","36","3","15","3","true","Item Updated"
"a0TM000000AUlxqMAD","54e617a67261694289650800","Art Madrid 2015","2015-02-25 17:04:00.0","2015-03-01 17:04:00.0","0","0","0","0","true","Item Updated"
"a0TM000000AUlxrMAD","54e790987261693b7b6c0b00","PAD Paris 2015","2015-03-26 19:51:00.0","2015-03-29 19:51:00.0","60","6","40","6","true","Item Updated"
"a0TM000000AUlxsMAD","54bda7b0726169237a250000","ADAA: The Art Show 2015","2015-03-04 10:00:00.0","2015-03-08 18:00:00.0","384","49","131","49","true","Item Updated"
"a0TM000000AUlxtMAD","54edf33c7261691c04030000","Baltimore Contemporary Print Fair 2015","2015-03-28 16:06:00.0","2015-03-29 16:06:00.0","10","1","7","1","true","Item Updated"
"a0TM000000AUlxuMAD","54d0e8907261692985ad0400","Art Basel in Hong Kong 2015","2015-03-15 13:00:00.0","2015-03-17 17:00:00.0","1728","141","665","141","true","Item Updated"
"a0TM000000AUlxvMAD","5500852172616952894e1f00","Art Miami New York 2015","2015-05-14 18:10:00.0","2015-05-17 18:10:00.0","514","31","201","31","true","Item Updated"
"a0TM000000AUlxwMAD","54c0179a7261692194ff0600","Dallas Art Fair 2015","2015-04-09 11:00:00.0","2015-04-12 18:00:00.0","1315","73","441","73","true","Item Updated"
"a0TM000000AUlxxMAD","54f9dbbe7261697e677a4000","MiArt 2015","2015-04-10 12:00:00.0","2015-04-12 19:00:00.0","1033","111","380","112","true","Item Updated"
"a0TM000000AUlxyMAD","551ed09f7261692b49f20500","The Armory Show 2016","2016-03-03 11:00:00.0","2016-03-06 18:00:00.0","0","0","0","0","true","Item Updated"
"a0TM000000AUlxzMAD","5176d2faa2cb606784000137","Art Basel Hong Kong 2013","2013-05-23 04:00:00.0","2013-05-26 04:00:00.0","677","69","284","71","true","Item Updated"
"a0TM000000AUly0MAD","5487204772616945b4370400","Art Cologne 2015","2015-04-16 11:00:00.0","2015-04-19 18:00:00.0","1755","143","598","143","true","Item Updated"
"a0TM000000AUly1MAD","54f9da5972616928145b4000","Art Brussels 2015","2015-04-25 11:00:00.0","2015-04-27 18:00:00.0","1951","152","648","152","true","Item Updated"
"a0TM000000AUly2MAD","553007b17261697a6e110100","Masterpiece London 2015","2015-06-25 15:03:00.0","2015-07-01 15:04:00.0","24","4","17","4","true","Item Updated"
"a0TM000000AUly3MAD","553008d57261693f34220100","ArtHamptons 2015","2015-07-02 15:08:00.0","2015-07-05 15:08:00.0","64","2","8","2","true","Item Updated"
"a0TM000000AUly4MAD","55300acd7261693f34410100","ART-O-RAMA 2015","2015-08-28 15:16:00.0","2015-08-30 15:17:00.0","34","2","10","2","true","Item Updated"
"a0TM000000AUly5MAD","5530008172616923bf1e0000","Photo London 2015","2015-05-21 14:33:00.0","2015-05-24 14:33:00.0","196","14","87","14","true","Item Updated"
"a0TM000000AUly6MAD","5530099472616929b2f70000","ArtAspen 2015","2015-07-30 15:12:00.0","2015-08-02 15:12:00.0","0","0","0","0","true","Item Updated"
"a0TM000000AUly7MAD","553000487261697181230000","SELECT New York 2015","2015-05-13 14:32:00.0","2015-05-17 14:32:00.0","39","3","8","3","true","Item Updated"
"a0TM000000AUly8MAD","55300a5d7261691324360100","Art Nocturne Knocke 2015","2015-08-08 15:15:00.0","2015-08-16 15:15:00.0","0","0","0","0","true","Item Updated"
"a0TM000000AUly9MAD","54f9dac27261692add950500","Market Art Fair 2015","2015-04-17 11:00:00.0","2015-04-19 18:00:00.0","344","33","94","33","true","Item Updated"
"a0TM000000AUlyAMAT","5504feb27261692ff4e86800","Frieze New York 2015","2015-05-14 00:30:00.0","2015-05-17 23:59:00.0","1458","124","484","124","true","Item Updated"
"a0TM000000AUlyBMAT","5543961c7261690e60a82000","miart 2016","2016-04-08 11:00:00.0","2016-04-10 17:00:00.0","0","0","0","0","true","Item Updated"
"a0TM000000AUlyCMAT","551515187261695569cf3900","1:54 Contemporary African Art Fair New York 2015","2015-05-15 08:28:00.0","2015-05-17 08:28:00.0","225","16","62","16","true","Item Updated"
"a0TM000000AUlyDMAT","554d1b0f726169758c590200","Design Miami/ 2016","2016-11-30 16:00:00.0","2016-12-04 16:00:00.0","0","0","0","0","false","Item Updated"
"a0TM000000AUlyEMAT","54f9dc987261692befee0400","Art15","2015-05-21 11:00:00.0","2015-05-23 18:00:00.0","2072","120","640","122","true","Item Updated"
"a0TM000000AUlyFMAT","555c3cad72616954ad1f0100","International Antiques Fair 2015","2015-05-30 07:48:00.0","2015-06-01 07:48:00.0","14","1","1","1","false","Item Updated"
"a0TM000000AUlyGMAT","546fafc47261692cc9220400","LOOP Barcelona 2015","2015-06-04 18:00:00.0","2015-06-06 12:00:00.0","53","35","35","35","true","Item Updated"
"a0TM000000AUlyHMAT","5530e5cf72616974c4150000","GRANPALAZZO 2015","2015-05-30 10:00:00.0","2015-05-31 18:00:00.0","72","16","16","16","true","Item Updated"
"a0TM000000AUlyIMAT","5530e72f7261696238050000","Art Basel 2015","2015-06-18 12:54:00.0","2015-06-21 17:00:00.0","2390","168","1007","171","true","Item Updated"
"a0TM000000AUlyJMAT","5536771a7261692ae81f0700","Design Miami/ Basel 2015","2015-06-16 12:00:00.0","2015-06-21 22:00:00.0","633","46","205","46","true","Item Updated"
"a0TM000000AUlyKMAT","5586c43c7261694c330000df","Art Hamptons 2015","2015-07-02 17:00:00.0","2015-07-05 18:00:00.0","35","2","16","2","true","Item Updated"
"a0TM000000AUlyLMAT","5591599c7261696f11000041","Art Bodensee 2015","2015-07-10 14:42:00.0","2015-07-12 14:42:00.0","0","0","0","0","true","Item Updated"
"a0TM000000AUlvLMAT","559e941072616970d50000a4","Artissima 2015","2015-11-06 12:00:00.0","2015-11-08 12:00:00.0","12","2","5","2","true","Item Updated"
"a0TM000000AUlvMMAT","553005f57261695f898e0000","SCOPE Basel 2015","2015-06-16 14:56:00.0","2015-06-21 14:56:00.0","21","1","10","1","true","Item Updated"
"a0TM000000AUlvNMAT","51dc37ac275b24bb3e0001cf","Art Southampton 2013","2013-07-25 04:00:00.0","2013-07-29 04:00:00.0","59","6","22","6","true","Item Updated"
"a0TM000000AUlvOMAT","52264ca78b3b81937b0000b0","The Houston Fine Art Fair","2013-09-19 04:00:00.0","2013-09-22 04:00:00.0","10","1","5","1","true","Item Updated"
"a0TM000000AUlvPMAT","54e75235726169354d700700","Independent Art Fair 2015","2015-03-05 15:25:00.0","2015-03-08 15:25:00.0","9","2","2","2","true","Item Updated"
"a0TM000000AUlvQMAT","52cf35e4275b245036000379","Boston International Fine Art Show","2012-11-15 05:00:00.0","2012-11-18 05:00:00.0","0","0","0","0","true","Item Updated"
"a0TM000000AUlvRMAT","533f189a9c18dbdbc4000083","Paris Photo Los Angeles 2014","2014-04-25 20:36:00.0","2014-04-27 20:36:00.0","14","3","4","3","true","Item Updated"
"a0TM000000AUlvSMAT","5350f07f9c18db3be400004b","PArC 2014","2014-04-24 12:00:00.0","2014-04-27 19:00:00.0","3","1","1","1","false","Item Updated"
"a0TM000000AUlvTMAT","5508318072616910353a2100","Material Art Fair","2014-02-06 13:51:00.0","2014-02-09 13:51:00.0","0","0","0","0","true","Item Updated"
"a0TM000000AUlvUMAT","551af0bf72616908ef2f1b00","COLLECT 2015","2015-05-08 19:07:00.0","2015-05-11 19:07:00.0","53","3","15","3","true","Item Updated"
"a0TM000000AUlvVMAT","5398ef42139b21c3fe00010b","Art Aspen 2014","2014-08-01 00:06:00.0","2014-08-04 00:06:00.0","6","2","5","2","true","Item Updated"
"a0TM000000AUlvWMAT","53e4299772616926a1bd0000","ARTBO 2014","2014-10-24 12:00:00.0","2014-10-27 20:00:00.0","776","59","287","60","true","Item Updated"
"a0TM000000AUlvXMAT","54532fca72616935e9a00500","Art Stage Singapore 2012","2012-01-12 06:40:00.0","2012-01-15 06:40:00.0","3","1","1","1","true","Item Updated"
"a0TM000000AUlyyMAD","5460f9bc7261692d44830100","VOLTA11","2011-03-03 17:45:00.0","2011-03-06 17:45:00.0","3","1","1","1","false","Item Updated"
"a0TM000000AUlyzMAD","5475fd6c72616948e6401200","Pinta Miami 2014","2014-12-03 16:18:00.0","2014-12-07 16:18:00.0","17","1","5","1","true","Item Updated"
"a0TM000000AUlz0MAD","547ddd407261692cdee70a00","Affordable Art Fair New York Fall 2012","2012-10-04 15:38:00.0","2012-10-07 15:38:00.0","4","1","1","1","true","Item Updated"
"a0TM000000AUlz1MAD","54d3ed9b7261693e19b00400","JUSTMAD6","2015-02-24 22:22:00.0","2015-03-01 22:22:00.0","3","1","3","1","true","Item Updated"
"a0TM000000AUlz2MAD","5507514e7261692b61440200","AD 20/21 2015","2015-03-26 21:54:00.0","2015-03-29 21:54:00.0","18","1","7","1","true","Item Updated"
"a0TM000000AUlz3MAD","554b08327261696e542c0b00","Fine Art Asia 2014","2014-10-04 06:36:00.0","2014-10-07 06:36:00.0","11","1","4","1","false","Item Updated"
"a0TM000000AUlz4MAD","55ad3e1f72616932c2000aaf","Affordable Art Fair Fall 2015","2015-09-09 19:00:00.0","2015-09-13 17:00:00.0","301","7","58","7","true","Item Updated"
"a0TM000000AUlz5MAD","52530362139b214ea6000049","ARCOmadrid 2014","2014-02-19 05:00:00.0","2014-02-23 05:00:00.0","1893","140","606","143","true","Item Updated"
"a0TM000000AUlz6MAD","55bf632072616970dc000047","Lima Photo 2015","2015-08-12 08:48:00.0","2015-08-16 08:48:00.0","7","1","4","1","true","Item Updated"
"a0TM000000AUlz7MAD","55c0a04e72616913f4000a36","Paris Photo 2015","2015-11-12 11:18:00.0","2015-11-15 11:18:00.0","22","2","5","2","true","Item Updated"
"a0TM000000AUlz8MAD","55c1265972616949a50000df","KIAF 2015","2015-10-07 08:00:00.0","2015-10-11 20:00:00.0","25","3","10","3","true","Item Updated"
"a0TM000000AUlz9MAD","55c3814d72616971980000b3","Beijing Design Week","2015-09-23 15:45:00.0","2015-10-07 15:45:00.0","0","0","0","0","false","Item Updated"
"a0TM000000AUlzAMAT","55c5fc73726169110f0001d6","Bazaar Art Jakarta 2015","2015-08-27 08:55:00.0","2015-08-30 08:56:00.0","95","5","14","5","true","Item Updated"
"a0TM000000AUlzBMAT","55c8ce857261697fc100013d","Expo Chicago 2015","2015-09-17 16:16:00.0","2015-09-20 16:16:00.0","373","29","174","29","true","Item Updated"
"a0TM000000AUlzCMAT","55ce34e97261696cac0007e8","Dallas Art Fair 2016","2016-04-14 19:00:00.0","2016-04-17 18:00:00.0","0","0","0","0","true","Item Updated"
"a0TM000000AUlzDMAT","55959d13726169642400000e","Unseen Photo Fair 2015","2015-09-18 01:00:00.0","2015-09-20 16:00:00.0","612","42","105","42","true","Item Updated"
"a0TM000000AUlzEMAT","546b9d0f72616908a1320100","ArtRio 2015","2015-09-09 12:00:00.0","2015-09-13 18:00:00.0","1318","62","429","62","true","Item Updated"
"a0TM000000AUlzFMAT","55d359ed7261695519000114","The International Fine Art & Antique Dealers Show 2015","2015-10-23 11:00:00.0","2015-10-29 18:00:00.0","0","0","0","0","true","Item Updated"
"a0TM000000AUlzGMAT","55d4eb1872616909e4000135","Amsterdam Drawing 2015","2015-09-17 11:00:00.0","2015-09-20 18:00:00.0","0","0","0","0","true","Item Updated"
"a0TM000000AUlzHMAT","55d491d17261694cd900041b","Art:Gwangju:15, The 6th Gwangju International Art Fair, Korea","2015-09-02 01:00:00.0","2015-09-06 09:00:00.0","13","1","7","1","true","Item Updated"
"a0TM000000AUlzIMAT","55a5732972616970be00011e","Moving Image Istanbul 2015","2015-09-04 16:00:00.0","2015-09-06 22:00:00.0","34","21","21","21","true","Item Updated"
"a0TM000000AUlzJMAT","55dcd9ff72616973c2000331","Affordable Art Fair Seoul 2015","2015-09-11 21:10:00.0","2015-09-13 21:10:00.0","0","0","0","0","false","Item Updated"
"a0TM000000AUlzKMAT","5593e544726169246e0003b1","ARTINTERNATIONAL 2015","2015-09-04 10:00:00.0","2015-09-06 19:00:00.0","929","74","283","74","true","Item Updated"
"a0TM000000AUlzLMAT","55e485477261693db30000b1","Frieze Masters 2015","2015-10-14 10:00:00.0","2015-10-18 17:00:00.0","7","1","1","1","true","Item Updated"
"a0TM000000AV0WXMA1","55e924b07261691452000815","Art on Paper The Brussels Contemporary Drawing Show 2015","2015-09-11 11:00:00.0","2015-09-13 18:00:00.0","0","0","0","0","true","Item Updated"
"a0TM000000AV0WYMA1","55e95b5572616947300008e5","UNTITLED 2015","2015-12-02 08:48:00.0","2015-12-06 08:48:00.0","0","0","0","0","true","Item Updated"
"a0TM000000AV0WZMA1","55edba577261693da80000b2","ZONA MACO SALÓN DEL ANTICUARIO 2015","2015-09-24 20:00:00.0","2015-09-27 23:00:00.0","0","0","0","0","true","Item Updated"
"a0TM000000AUlvKMAT","5593e5e372616970c3000020","FNB JoburgArtFair 2015","2015-09-11 10:00:00.0","2015-09-13 18:00:00.0","570","32","160","39","true","Item Updated"
"a0TM000000AV0bFMAT","55f2e1e972616945a500039b","Texas Contemporary 2015","2015-10-01 14:14:00.0","2015-10-04 14:14:00.0","18","1","10","1","false","Item Updated"
"a0TM000000AUlsWMAT","511511575e182126980001f6","Art Wynwood 2013","2013-02-14 05:00:00.0","2013-02-18 05:00:00.0","0","0","0","0","true","Item Updated"
"a0TM000000AUlsXMAT","5123889ae6760ba945000137","Art13 London 2013","2013-03-01 05:00:00.0","2013-03-03 05:00:00.0","0","0","0","0","true","Item Updated"
"a0TM000000AUlsYMAT","53d142a57261692d36210100","SP-Arte/Foto/2014","2014-08-21 17:29:00.0","2014-08-24 17:29:00.0","15","1","3","1","false","Item Updated"
"a0TM000000AUlsZMAT","517064473701d7cf500000b7","PARIS PHOTO LA 2013","2013-04-26 07:00:00.0","2013-04-28 07:00:00.0","43","5","13","5","true","Item Updated"
"a0TM000000AUlsaMAD","544704bd7261691266470100","San Diego Art Fair","2014-11-06 10:00:00.0","2014-11-09 18:00:00.0","33","1","11","1","true","Item Updated"
"a0TM000000AUlsbMAD","55b635247261692c3c000b1c","Miami Project 2015","2015-12-01 12:00:00.0","2015-12-06 12:00:00.0","0","0","0","0","true","Item Updated"
"a0TM000000AUlscMAD","51241245a3f6a29871000606","art KARLSRUHE 2013","2013-03-07 05:00:00.0","2013-03-10 05:00:00.0","0","0","0","0","true","Item Updated"
"a0TM000000AUlsdMAD","50f46efb21aeacefbb000152","LA Art Book Fair","2013-02-01 05:00:00.0","2013-02-03 05:00:00.0","0","0","0","0","true","Item Updated"
"a0TM000000AUlseMAD","51488a35876d6f8293000130","Design Days Dubai 2013","2013-03-18 04:00:00.0","2013-03-21 04:00:00.0","17","1","7","1","true","Item Updated"
"a0TM000000AUlsfMAD","51a49f528b3b8147c6000069","LISTE 18 2013","2013-06-10 22:00:00.0","2013-06-15 22:00:00.0","4","1","1","1","true","Item Updated"
"a0TM000000AUlsgMAD","516027f134479440e20000b7","Art Cologne 2013","2013-04-18 04:00:00.0","2013-04-21 04:00:00.0","58","2","16","2","true","Item Updated"
"a0TM000000AUlshMAD","51d194cf8b3b81edbf0000e2","artMRKT Hamptons","2013-07-11 04:00:00.0","2013-07-14 04:00:00.0","20","2","10","2","true","Item Updated"
"a0TM000000AUlsiMAD","5202ea7f275b24db76000221","Expo Chicago","2013-09-19 04:00:00.0","2013-09-22 04:00:00.0","243","18","95","20","true","Item Updated"
"a0TM000000AUlsjMAD","5214082c8b3b81f6ca000005","Texas Contemporary","2013-10-10 07:00:00.0","2013-10-15 07:00:00.0","73","5","16","5","true","Item Updated"
"a0TM000000AUlskMAD","533dbd75cb4c2758b3000063","Silicon Valley Contemporary","2014-04-10 19:58:00.0","2014-04-13 19:58:00.0","62","4","24","4","true","Item Updated"
"a0TM000000AUlslMAD","5195429d6111255760000349","VOLTA9","2013-06-10 04:00:00.0","2013-06-15 04:00:00.0","12","2","5","2","true","Item Updated"
"a0TM000000AUlsmMAD","53592ffa139b21011800014c","SELECT FAIR NYC 2014","2014-05-08 15:37:00.0","2014-05-11 15:37:00.0","3","1","3","1","true","Item Updated"
"a0TM000000AUlsnMAD","5419bd977261692d6d8a0100","SCOPE Miami Beach 2014","2014-12-02 18:00:00.0","2014-12-07 18:00:00.0","150","7","34","7","true","Item Updated"
"a0TM000000AUlsoMAD","522651b19c18db19e7000184","Moving Image London","2013-10-17 04:00:00.0","2013-10-20 04:00:00.0","64","21","26","21","true","Item Updated"
"a0TM000000AUlspMAD","531887e18b3b81453300058f","Art Brussels 2014","2014-04-25 15:00:00.0","2014-04-27 23:00:00.0","1321","132","479","132","true","Item Updated"
"a0TM000000AUlsqMAD","4dbb0c01771d8967970010a8","Art Basel 2011","2011-06-11 00:00:00.0","2011-06-20 00:00:00.0","168","30","83","31","true","Item Updated"
"a0TM000000AUlsrMAD","5228d0ea139b21b6fa000499","Unseen Photo Fair 2013","2013-09-26 04:00:00.0","2013-09-29 04:00:00.0","17","3","5","3","true","Item Updated"
"a0TM000000AUlssMAD","5245eff8275b242ead00000b","Paris Photo 2013","2013-11-14 05:00:00.0","2013-11-17 05:00:00.0","44","6","23","6","true","Item Updated"
"a0TM000000AUlstMAD","524c6470c9dc246bef000118","Art Stage Singapore","2014-01-16 05:00:00.0","2014-01-19 05:00:00.0","5","1","1","1","true","Item Updated"
"a0TM000000AUlsuMAD","5252f4d3275b245b3c000082","Art Miami 2013","2013-12-03 05:00:00.0","2013-12-08 05:00:00.0","220","15","88","15","true","Item Updated"
"a0TM000000AUlsvMAD","552837bc7261692ae97a1600","Art Lima 2015","2015-04-23 14:00:00.0","2015-04-26 21:00:00.0","0","0","0","0","true","Item Updated"
"a0TM000000AUlswMAD","554d1ad67261691b4e8e0200","Design Miami/ Basel 2016","2016-06-14 16:21:00.0","2016-06-16 16:21:00.0","0","0","0","0","false","Item Updated"
"a0TM000000AUlsxMAD","525d1c3d9c18db9b510003fe","Artissima 2013","2013-11-08 00:00:00.0","2013-11-10 00:00:00.0","71","6","13","6","true","Item Updated"
"a0TM000000AUlsyMAD","525e9c20275b24dd9a000351","Berliner-Liste","2013-09-18 04:00:00.0","2013-09-22 04:00:00.0","0","0","0","0","true","Item Updated"
"a0TM000000AUlszMAD","525e9ce4275b245b880002a7","Arte Fiera","2014-01-24 05:00:00.0","2014-01-27 05:00:00.0","0","0","0","0","true","Item Updated"
"a0TM000000AUlt0MAD","5261855dc9dc24dbf3000067","UNTITLED 2013","2013-12-04 05:00:00.0","2013-12-08 05:00:00.0","104","10","24","10","true","Item Updated"
"a0TM000000AUlt1MAD","5277b2578b3b819667000209","Brafa 2014","2014-01-25 05:00:00.0","2014-02-02 05:00:00.0","0","0","0","0","true","Item Updated"
"a0TM000000AUlt2MAD","527e46cccd530ed0150005e5","Art Paris 2014","2014-03-26 04:00:00.0","2014-03-29 04:00:00.0","27","4","7","4","true","Item Updated"
"a0TM000000AUlt3MAD","5283d2b2275b24288b00017e","Pulse Miami 2013","2013-12-05 05:00:00.0","2013-12-08 05:00:00.0","54","6","16","6","true","Item Updated"
"a0TM000000AUlt4MAD","528bc0cc9c18db79f70000e5","Ink Miami 2013","2013-12-04 05:00:00.0","2013-12-08 05:00:00.0","70","3","27","3","true","Item Updated"
"a0TM000000AUlt5MAD","5238cc7ac9dc245ab7000286","Design Miami/ 2013","2013-12-04 05:00:00.0","2013-12-08 05:00:00.0","372","36","151","37","true","Item Updated"
"a0TM000000AUlt6MAD","52b31db7275b2485dc0001a7","Stroke Art Fair 2014","2013-12-19 05:00:00.0","2013-12-19 05:00:00.0","0","0","0","0","true","Item Updated"
"a0TM000000AUlt7MAD","52d3eab1cd530ebb4600016b","Unpainted Media Art Fair","2014-01-16 23:00:00.0","2014-01-19 23:00:00.0","2","1","1","1","true","Item Updated"
"a0TM000000AUlt8MAD","52d5a6fa9c18db0cd6000194","Art Aspen 2013","2013-08-01 04:00:00.0","2013-08-04 04:00:00.0","0","0","0","0","true","Item Updated"
"a0TM000000AUlt9MAD","52d5a77acd530ec4d400015a","photo l.a. 2014","2014-01-16 05:00:00.0","2014-01-19 05:00:00.0","0","0","0","0","true","Item Updated"
"a0TM000000AUltAMAT","52de9cf69acc8a719f00059c","The International Fine Art and Antiques Dealers Show 2012","2012-10-18 04:00:00.0","2012-10-25 04:00:00.0","9","1","5","1","true","Item Updated"
"a0TM000000AUltBMAT","52e64064c9dc2435790001a3","Art Dubai 2014","2014-03-18 23:00:00.0","2014-03-21 23:00:00.0","67","6","17","6","true","Item Updated"
"a0TM000000AUltCMAT","52f29c11a09a67acc900005e","Art Wynwood 2014","2014-02-13 05:00:00.0","2014-02-17 05:00:00.0","90","8","48","8","true","Item Updated"
"a0TM000000AUltDMAT","52f901091a1e86a4fc00003b","Art + Design New York","2014-05-08 04:00:00.0","2014-05-11 04:00:00.0","0","0","0","0","true","Item Updated"
"a0TM000000AUltEMAT","52fe3754275b24080b000341","SCOPE New York 2014","2014-03-06 05:00:00.0","2014-03-09 05:00:00.0","22","2","7","2","true","Item Updated"
"a0TM000000AUltFMAT","51241182819688e3f200060a","VOLTA NY 2013","2013-03-07 05:00:00.0","2013-03-10 05:00:00.0","15","4","4","4","true","Item Updated"
"a0TM000000AUltGMAT","530dfb19c9dc24bdbf00013b","Independent Art Fair 2014","2014-03-06 05:00:00.0","2014-03-10 03:59:00.0","7","1","4","1","false","Item Updated"
"a0TM000000AUltHMAT","5314a99f139b21a13c000288","Papier 14","2014-04-25 04:00:00.0","2014-04-28 03:59:00.0","37","1","3","1","true","Item Updated"
"a0TM000000AUltIMAT","53185a80a09a6754bd0005ba","TEFAF Maastricht 2014","2014-03-14 11:21:00.0","2014-03-23 11:21:00.0","7","2","7","2","true","Item Updated"
"a0TM000000AUltJMAT","533300601a1e86615f00006c","Masterpiece London 2014","2014-06-26 16:28:00.0","2014-07-02 16:28:00.0","37","4","28","4","true","Item Updated"
"a0TM000000AUltKMAT","5335de5acd530e47490001e1","PULSE New York 2014","2014-05-08 04:00:00.0","2014-05-12 03:59:00.0","43","6","14","6","true","Item Updated"
"a0TM000000AUltLMAT","533c119ecd530e91e0000003","Market Art Fair 2014","2014-04-04 13:32:00.0","2014-04-06 13:32:00.0","9","1","2","1","true","Item Updated"
"a0TM000000AUltMMAT","51240df5819688e3f20005f8","Salon Zürcher out of town","2013-03-04 05:00:00.0","2013-03-10 05:00:00.0","7","1","3","1","true","Item Updated"
"a0TM000000AUltNMAT","516584edf9cda5a8ab0000ca","Collective 1 Design Fair","2013-05-08 04:00:00.0","2013-05-11 04:00:00.0","186","13","106","13","true","Item Updated"
"a0TM000000AUltOMAT","525eca9ec9dc240bc200017f","FIAC 13","2013-10-24 04:00:00.0","2013-10-27 04:00:00.0","47","5","28","5","true","Item Updated"
"a0TM000000AUltPMAT","5310b1218b3b81a783000153","PAD London 2012","2012-10-09 14:53:00.0","2012-10-13 14:53:00.0","4","1","4","1","false","Item Updated"
"a0TM000000AUltQMAT","5310c98bcb4c27000c0000a3","PAD Paris 2014","2014-03-27 16:37:00.0","2014-03-30 16:37:00.0","25","3","10","3","false","Item Updated"
"a0TM000000AUltRMAT","535584efcd530e864b00014b","Spring Masters New York 2014","2014-05-01 20:51:00.0","2014-05-04 20:51:00.0","12","2","8","2","true","Item Updated"
"a0TM000000AUltSMAT","5373b024139b2180a6000966","SCOPE Basel 2014","2014-06-17 04:01:00.0","2014-06-23 03:59:00.0","20","1","7","1","true","Item Updated"
"a0TM000000AUltTMAT","53592fb2139b21ed1600031e","Outsider Art Fair New York 2014","2014-05-08 15:36:00.0","2014-05-11 15:36:00.0","54","2","22","2","true","Item Updated"
"a0TM000000AUltUMAT","537e1788cb4c2728b700001d","SP-Arte 2014 Brasília","2014-06-05 15:26:00.0","2014-06-08 15:26:00.0","35","1","11","1","false","Item Updated"
"a0TM000000AUltVMAT","53abe78e72616976574c0200","Paris Photo 14","2014-11-13 10:25:00.0","2014-11-16 10:25:00.0","243","14","82","14","true","Item Updated"
"a0TM000000AUltWMAT","52333de0139b21433300072c","Frieze Masters","2013-10-16 23:00:00.0","2013-10-19 23:00:00.0","302","40","103","41","true","Item Updated"
"a0TM000000AUltXMAT","5267cc05139b21108900018d","Art Basel in Miami Beach 2013","2013-12-05 05:00:00.0","2013-12-08 05:00:00.0","1071","106","492","106","true","Item Updated"
"a0TM000000AUltYMAT","542897577261692cc82c0200","Art Miami 2014","2014-12-02 23:17:00.0","2014-12-07 23:17:00.0","633","34","258","34","true","Item Updated"
"a0TM000000AUltZMAT","54344f6f7261694d2d3c0200","Buenos Aires Photo 2014","2014-10-16 20:38:00.0","2014-10-20 20:38:00.0","0","0","0","0","true","Item Updated"
"a0TM000000AUltaMAD","543f149d7261690c4a130200","Slick Art Fair 2014","2014-10-22 00:42:00.0","2014-10-26 00:42:00.0","0","0","0","0","true","Item Updated"
"a0TM000000AUltbMAD","5462eb707261696421340600","Art Fair Philippines 2015","2015-02-05 05:06:00.0","2015-02-08 05:06:00.0","5","1","1","1","false","Item Updated"
"a0TM000000AUltcMAD","549302c17261692d669d0100","LA Art Show 2015","2015-01-14 16:36:00.0","2015-01-18 16:36:00.0","180","10","55","10","true","Item Updated"
"a0TM000000AUltdMAD","52b48b8a7622dda6010000af","Art Los Angeles Contemporary 2014","2014-01-30 15:00:00.0","2014-02-02 15:00:00.0","251","40","114","40","true","Item Updated"
"a0TM000000AUlteMAD","52eaa79c9c18dbddd700021f","ADAA The Art Show 2014","2014-03-05 05:00:00.0","2014-03-09 21:00:00.0","208","36","61","36","true","Item Updated"
"a0TM000000AUltfMAD","53079669139b21d41c00015c","SP-Arte 2014","2014-04-03 15:00:00.0","2014-04-06 23:00:00.0","1174","93","421","93","true","Item Updated"
"a0TM000000AUltgMAD","53451aabc9dc246d5800026e","Art Basel Hong Kong 2014","2014-05-15 10:01:00.0","2014-05-18 10:01:00.0","1129","114","417","114","true","Item Updated"
"a0TM000000AUlthMAD","54da39a3726169546a5a0000","Design Shanghai 2015 ","2015-03-27 17:02:00.0","2015-03-30 17:02:00.0","15","2","4","2","true","Item Updated"
"a0TM000000AUltiMAD","54eb44757261692b76110000","Guild Fair 2015","2015-02-25 15:16:00.0","2015-03-01 15:16:00.0","20","2","3","2","false","Item Updated"
"a0TM000000AUltjMAD","54cc230e7261694610740200","Moving Image New York 2015","2015-03-05 11:00:00.0","2015-03-08 16:00:00.0","48","31","35","31","true","Item Updated"
"a0TM000000AUltkMAD","54f09a067261697513b60f00","The (un)SCENE Art Show","2015-03-04 16:22:00.0","2015-03-08 16:22:00.0","111","1","68","1","true","Item Updated"
"a0TM000000AUltlMAD","5511c9bf726169506b970e00","Art Market San Francisco","2015-04-29 20:30:00.0","2015-05-03 20:30:00.0","258","13","98","13","true","Item Updated"
"a0TM000000AUltmMAD","5520102872616954c2e15800","artMRKT San Francisco 2015","2015-04-29 16:22:00.0","2015-05-03 16:22:00.0","44","2","19","2","true","Item Updated"
"a0TM000000AUltnMAD","552fffce72616907b7220000","Art Revolution Taipei 2015","2015-05-08 14:30:00.0","2015-05-11 14:30:00.0","0","0","0","0","true","Item Updated"
"a0TM000000AUltoMAD","5391ac25275b245d2c00026e","Paris Photo 2012","2012-11-15 12:53:00.0","2012-11-18 12:53:00.0","0","0","0","0","false","Item Updated"
"a0TM000000AUltpMAD","53b31b0c7261692d2c9b0200","Art Market Hamptons 2014","2014-07-10 20:32:00.0","2014-07-13 20:32:00.0","89","7","35","7","true","Item Updated"
"a0TM000000AUltqMAD","53d165667261692cd1e60300","Biennale des Antiquaires 2014","2014-09-11 19:57:00.0","2014-09-21 19:57:00.0","31","2","17","2","false","Item Updated"
"a0TM000000AUltrMAD","53daa0877261692d75bc0200","Expo Chicago 2014","2014-09-18 19:59:00.0","2014-09-21 19:59:00.0","92","6","34","6","false","Item Updated"
"a0TM000000AUltsMAD","507efce20b1e95000200079c","Design Miami/ 2012","2012-12-05 19:58:00.0","2012-12-09 19:58:00.0","362","31","121","31","true","Item Updated"
"a0TM000000AUlttMAD","53cca6237261690a7d451000","Unseen Photo Fair 2014","2014-09-18 05:31:00.0","2014-09-21 05:31:00.0","39","3","8","3","true","Item Updated"
"a0TM000000AUltuMAD","53e29fca726169652b2f0000","Affordable Art Fair Hampstead  2013","2013-06-12 21:33:00.0","2013-06-16 21:33:00.0","12","1","4","1","true","Item Updated"
"a0TM000000AUltvMAD","53e29d517261695f141d0000","London Art Fair 2015","2015-01-21 21:24:00.0","2015-01-25 21:24:00.0","110","6","40","6","true","Item Updated"
"a0TM000000AUltwMAD","53e2aa3272616963045d0000","The International Fine Art and Antiques Show 2014","2014-10-17 22:19:00.0","2014-10-23 22:19:00.0","31","1","19","1","false","Item Updated"
"a0TM000000AUltxMAD","53fa06f77261697de1690000","Amsterdam Drawing 2014","2014-09-18 15:36:00.0","2014-09-21 15:36:00.0","6","1","3","1","false","Item Updated"
"a0TM000000AUltyMAD","550084c672616915b68e2000","Art Southampton 2015","2015-07-09 18:08:00.0","2015-07-13 18:08:00.0","436","25","145","25","true","Item Updated"
"a0TM000000AUltzMAD","542d542e7261692d4bd30000","FIAC 14","2014-10-23 13:32:00.0","2014-10-26 13:32:00.0","90","10","46","10","true","Item Updated"
"a0TM000000AUlu0MAD","55b14dbc726169079f000262","Artissima 2016","2016-11-04 13:44:00.0","2016-11-06 13:44:00.0","0","0","0","0","false","Item Updated"
"a0TM000000AUlu1MAD","554d1a7172616957c0d90200","Design Miami/ 2015","2015-12-02 15:00:00.0","2015-12-06 20:00:00.0","0","0","0","0","true","Item Updated"
"a0TM000000AUlu2MAD","55d611c17261693d910000c6","SUNDAY 2015","2015-10-14 12:00:00.0","2015-10-18 18:00:00.0","0","0","0","0","true","Item Updated"
"a0TM000000AUlu3MAD","53ff5c797261690cbcce0000","Art Kaohsiung","2014-12-12 16:42:00.0","2014-12-14 18:43:00.0","0","0","0","0","false","Item Updated"
"a0TM000000AUlu4MAD","5405392d72616972cd150b00","KIAF/14","2014-09-25 03:16:00.0","2014-09-29 03:16:00.0","27","2","8","2","false","Item Updated"
"a0TM000000AUlu5MAD","5409ee2a7261691f920f0000","20/21 British Art Fair ","2014-09-10 17:08:00.0","2014-09-14 17:08:00.0","33","1","2","1","false","Item Updated"
"a0TM000000AUlu6MAD","541210ee7261690e3ab20300","Art Silicon Valley/San Francisco","2014-10-09 21:14:00.0","2014-10-12 21:14:00.0","155","12","78","12","true","Item Updated"
"a0TM000000AUlu7MAD","54136b9a7261696ab15b0300","The Houston Fine Art Fair 2014","2014-09-18 21:54:00.0","2014-09-21 21:54:00.0","61","4","17","4","true","Item Updated"
"a0TM000000AUlu8MAD","5419bd11726169485e5d0100","SOFA Chicago 2014","2014-11-06 12:00:00.0","2014-11-09 18:00:00.0","3","1","2","1","true","Item Updated"
"a0TM000000AUlu9MAD","542045e97261693076960000","The Westbund Art & Design Fair 2014","2014-09-22 15:52:00.0","2014-09-22 15:52:00.0","2","1","1","1","true","Item Updated"
"a0TM000000AUluAMAT","5421b5897261692d68bf0100","The NY Satellite Print Fair at the Bohemian Hall","2014-11-07 18:00:00.0","2014-11-09 18:00:00.0","0","0","0","0","true","Item Updated"
"a0TM000000AUluBMAT","53cd1f9d7261691676ec1400","1:54 Contemporary African Art Fair 2014","2014-10-16 10:00:00.0","2014-10-19 18:00:00.0","318","25","94","25","true","Item Updated"
"a0TM000000AUluCMAT","542ec7d67261694853cb0000","(e)merge art fair 2014","2014-10-02 08:58:00.0","2014-10-05 18:57:00.0","0","0","0","0","true","Item Updated"
"a0TM000000AUluDMAT","54343fd17261693a804a0100","Salon Zürcher 2014","2014-10-20 19:30:00.0","2014-10-26 19:30:00.0","37","2","4","2","true","Item Updated"
"a0TM000000AUluEMAT","53c059df7261692cbc300300","Art Toronto 2014","2014-10-24 12:00:00.0","2014-10-27 22:00:00.0","1756","91","639","91","true","Item Updated"
"a0TM000000AUluFMAT","543e7edc7261692d56bc0000","Outsider Art Fair Paris 2014","2014-10-23 14:03:00.0","2014-10-26 14:03:00.0","56","1","7","1","true","Item Updated"
"a0TM000000AUluGMAT","53da550a726169083c0a0700","Artissima 2014","2014-11-07 12:00:00.0","2014-11-09 18:00:00.0","1260","146","457","148","true","Item Updated"
"a0TM000000AUluHMAT","5420792d7261697dbe5a0200","Contemporary Istanbul 2014","2014-11-13 11:00:00.0","2014-11-16 20:00:00.0","1035","66","355","66","true","Item Updated"
"a0TM000000AUluIMAT","545cdf407261692ce1650000","ART021 Shanghai Contemporary Art Fair","2014-11-12 15:00:00.0","2014-11-16 15:00:00.0","51","6","13","6","true","Item Updated"
"a0TM000000AUluJMAT","5425979e72616907103a0100","The Salon: Art + Design 2014","2014-11-13 16:42:00.0","2014-11-17 16:42:00.0","385","49","214","49","true","Item Updated"
"a0TM000000AUluKMAT","546269757261692b8f700200","Red Dot Art Fair Miami 2014","2014-12-02 19:54:00.0","2014-12-07 19:54:00.0","33","3","14","3","true","Item Updated"
"a0TM000000AUluLMAT","5463b4b972616907e0320000","ArtSpot 2014","2014-12-03 14:27:00.0","2014-12-07 19:26:00.0","4","1","3","1","true","Item Updated"
"a0TM000000AUluMMAT","5463d705726169252c4d0100","Ink Miami 2014","2014-12-03 19:32:00.0","2014-12-07 19:32:00.0","89","2","31","2","true","Item Updated"
"a0TM000000AUluNMAT","545beaef7261692d56a00300","UNTITLED. 2014","2014-12-03 21:38:00.0","2014-12-07 21:38:00.0","199","14","47","14","true","Item Updated"
"a0TM000000AUluOMAT","545109a87261692d515d0100","NADA Miami Beach 2014 ","2014-12-04 14:00:00.0","2014-12-07 17:00:00.0","812","72","253","72","true","Item Updated"
"a0TM000000AUluPMAT","5446bec27261696e989c0100","Art Basel in Miami Beach 2014","2014-12-04 12:00:00.0","2014-12-07 18:00:00.0","1833","148","794","148","true","Item Updated"
"a0TM000000AUluQMAT","5478968a726169642dac0b00","ARTEFIERA Bologna 2015","2015-01-23 15:35:00.0","2015-01-26 15:35:00.0","10","3","6","3","true","Item Updated"
"a0TM000000AUluRMAT","547cfbbc7261692d3d1b0300","New York Antiquarian Book Fair 2014","2014-04-03 23:35:00.0","2014-04-06 23:35:00.0","10","1","10","1","true","Item Updated"
"a0TM000000AUluSMAT","547ddcfb7261692ce2910a00","Affordable Art Fair New York Spring 2013","2013-04-04 15:36:00.0","2013-04-07 15:36:00.0","11","1","3","1","true","Item Updated"
"a0TM000000AUluTMAT","547e38127261692ccfdf0400","Melbourne Rare Book Fair 2014","2014-07-25 22:06:00.0","2014-07-27 22:06:00.0","11","1","11","1","false","Item Updated"
"a0TM000000AUluUMAT","548830ee7261692cdae90200","Vienna Fair 2014","2014-10-02 11:33:00.0","2014-10-05 11:33:00.0","1","1","1","1","true","Item Updated"
"a0TM000000AUluVMAT","5495b23b72616972e3d10600","Brussels Antiques and Fine Art Fair 2015","2015-01-24 17:29:00.0","2015-02-01 17:29:00.0","7","1","7","1","false","Item Updated"
"a0TM000000AUluWMAT","54a829af72616908fca00900","Art Palm Beach 2015","2015-01-21 17:40:00.0","2015-01-25 17:40:00.0","94","4","18","4","true","Item Updated"
"a0TM000000AUluXMAT","54ad6e927261692b56280100","Art on Paper 2015","2015-03-05 17:34:00.0","2015-03-08 17:34:00.0","498","23","120","23","true","Item Updated"
"a0TM000000AUluYMAT","54ad782772616970943d0500","artgenève 2015","2015-01-29 18:16:00.0","2015-02-02 18:16:00.0","53","3","14","4","true","Item Updated"
"a0TM000000AUluZMAT","54aeed267261693440510200","Winter Antiques Show 2015","2015-01-23 20:47:00.0","2015-02-01 20:47:00.0","15","1","14","1","false","Item Updated"
"a0TM000000AUluaMAD","54af99e07261692f23520600","Art Herning 2015","2015-01-23 09:05:00.0","2015-01-25 09:05:00.0","87","1","6","1","true","Item Updated"
"a0TM000000AUlubMAD","54b1b76e7261695e0ed50900","The Metro Show","2015-01-21 23:35:00.0","2015-01-25 23:35:00.0","24","1","10","1","true","Item Updated"
"a0TM000000AUlucMAD","54b6f61e726169297bc50100","Art Wynwood 2015","2015-02-12 23:04:00.0","2015-02-16 23:04:00.0","141","9","50","9","true","Item Updated"
"a0TM000000AUludMAD","54bfb1ee7261692b8da70000","Art Rotterdam 2015","2015-02-05 14:03:00.0","2015-02-08 14:03:00.0","33","3","6","3","true","Item Updated"
"a0TM000000AUlueMAD","54b3faac7261693130c80000","ARCOmadrid 2015","2015-02-25 11:00:00.0","2015-03-01 18:00:00.0","2695","177","700","178","true","Item Updated"
"a0TM000000AUlufMAD","54c8beb37261692b3c381900","TEFAF Maastricht 2015","2015-03-13 10:48:00.0","2015-03-22 10:48:00.0","77","8","50","8","true","Item Updated"
"a0TM000000AUlugMAD","54ac5aa57261692bc1df1900","Palm Springs Fine Art Fair 2015","2015-02-12 10:00:00.0","2015-02-15 20:00:00.0","1082","52","352","52","true","Item Updated"
"a0TM000000AUluhMAD","54d1353872616946a71e0000","Palm Beach Jewelry, Art & Antique Show 2015","2015-02-13 20:52:00.0","2015-02-17 20:52:00.0","41","2","22","2","true","Item Updated"
"a0TM000000AUluiMAD","51520f98b1dd9bb9b50000f5","Design Miami/ Basel 2013","2013-12-04 05:00:00.0","2013-12-08 05:00:00.0","331","44","141","44","true","Item Updated"
"a0TM000000AUlujMAD","51caf337275b24dc3600007f","ArtRio 2013","2013-09-05 22:56:00.0","2013-09-08 22:56:00.0","609","56","258","56","true","Item Updated"
"a0TM000000AUlukMAD","52406bf5139b2171d900027b","Contemporary Istanbul 2013","2013-11-07 05:00:00.0","2013-11-10 05:00:00.0","963","97","392","97","true","Item Updated"
"a0TM000000AUlulMAD","52b48bbd9c18dbb09f000513","Zona MACO 2014","2014-02-05 05:00:00.0","2014-02-09 05:00:00.0","857","96","324","96","true","Item Updated"
"a0TM000000AUlumMAD","52cd7e499c18db7e3700006e","miart 2014","2014-03-28 04:00:00.0","2014-03-30 04:00:00.0","740","101","276","102","true","Item Updated"
"a0TM000000AUlunMAD","5363e0008b3b816209000277","Design Miami/ Basel 2014","2014-06-17 04:00:00.0","2014-06-22 04:00:00.0","499","45","202","45","true","Item Updated"
"a0TM000000AUluoMAD","54e35c2b7261692b03190200","Shanghai Art Fair 2014","2014-11-13 15:19:00.0","2014-11-16 15:19:00.0","48","1","7","1","true","Item Updated"
"a0TM000000AUlupMAD","54bda8287261695753310000","PULSE New York 2015","2015-03-05 10:00:00.0","2015-03-08 17:00:00.0","553","45","122","45","true","Item Updated"
"a0TM000000AUluqMAD","54eae0597261696dc2d82000","Art Dubai 2015","2015-03-18 08:08:00.0","2015-03-21 08:08:00.0","253","25","90","25","true","Item Updated"
"a0TM000000AUlurMAD","54871f8672616970632a0400","The Armory Show 2015","2015-03-05 12:00:00.0","2015-03-08 23:00:00.0","2187","162","801","164","true","Item Updated"
"a0TM000000AUlusMAD","54a2f3fe7261692d6ae31300","Art Central 2015","2015-03-14 10:00:00.0","2015-03-16 18:00:00.0","1088","70","281","71","true","Item Updated"
"a0TM000000AUlutMAD","54fd904d7261692b69080000","AIPAD Photography Show 2015","2015-04-16 12:20:00.0","2015-04-19 12:20:00.0","361","15","96","15","true","Item Updated"
"a0TM000000AUluuMAD","5512378172616925ad9b1d00","Affordable Art Fair Singapore Spring 2015","2015-04-17 04:19:00.0","2015-04-19 04:19:00.0","27","1","10","1","false","Item Updated"
"a0TM000000AUluvMAD","54b3fac47261694995ac0000","SP-Arte 2015","2015-04-09 10:00:00.0","2015-04-12 18:00:00.0","1780","101","556","103","true","Item Updated"
"a0TM000000AUluwMAD","54f9db2e7261692739364000","London Original Print Fair 2015","2015-04-23 11:00:00.0","2015-04-26 18:00:00.0","643","38","241","38","true","Item Updated"
"a0TM000000AUluxMAD","551ebb217261692adb960300","Art Toronto 2015","2015-10-23 11:00:00.0","2015-10-26 18:00:00.0","92","5","15","5","true","Item Updated"
"a0TM000000AUluyMAD","5187f1086874bf7dd300007a","Art Basel 2013","2013-06-12 22:00:00.0","2013-06-15 22:00:00.0","850","88","338","92","true","Item Updated"
"a0TM000000AUluzMAD","5526f6117261690e04220700","Spring Masters New York 2015","2015-05-08 21:57:00.0","2015-05-12 21:57:00.0","131","6","60","6","true","Item Updated"
"a0TM000000AUlv0MAD","5530078772616907b7360100","The solo project 2015","2015-06-17 15:03:00.0","2015-06-21 15:03:00.0","0","0","0","0","true","Item Updated"
"a0TM000000AUlv1MAD","553007d37261695f7ef30000","START Art Fair 2015","2015-09-10 15:04:00.0","2015-09-13 15:04:00.0","121","7","29","7","true","Item Updated"
"a0TM000000AUlv2MAD","553009497261693f45a00000","Market Art + Design 2015","2015-07-09 15:10:00.0","2015-07-12 15:10:00.0","201","10","63","10","true","Item Updated"
"a0TM000000AUlv3MAD","552fff2a72616921a9290000","Artexpo | New York 2015","2015-04-23 12:00:00.0","2015-04-26 18:00:00.0","0","0","0","0","true","Item Updated"
"a0TM000000AUlv4MAD","553000d272616907b4260000","KunstRai 2015","2015-05-27 14:34:00.0","2015-05-31 14:34:00.0","0","0","0","0","true","Item Updated"
"a0TM000000AUlv5MAD","5530001a7261697a61240000","Salon Zürcher | New York 2015","2015-05-11 14:31:00.0","2015-05-17 14:31:00.0","0","0","0","0","true","Item Updated"
"a0TM000000AUlv6MAD","553005c772616967a4c70000","VOLTA11 Basel 2015","2015-06-15 14:55:00.0","2015-06-20 14:55:00.0","147","11","26","11","true","Item Updated"
"a0TM000000AUlv7MAD","55355e3e72616951693c0900","AOA Tribal Fair","2015-05-13 20:07:00.0","2015-05-17 20:07:00.0","5","1","1","1","true","Item Updated"
"a0TM000000AUlv8MAD","5537e7cd72616929b1212200","Antique & Design Center at Market Square High Point Market","2015-04-16 18:24:00.0","2015-04-23 18:24:00.0","0","0","0","0","true","Item Updated"
"a0TM000000AUlv9MAD","553cb20a7261690b5f0e0d00","Stroke Art Fair 2015","2015-04-29 09:37:00.0","2015-05-03 09:37:00.0","8","1","2","1","true","Item Updated"
"a0TM000000AUlvAMAT","551acd307261692ae93d0a00","Collective Design 2015","2015-05-13 15:00:00.0","2015-05-17 19:00:00.0","426","29","188","29","true","Item Updated"
"a0TM000000AUlvBMAT","553a0e207261694d1b432500","Affordable Art Fair Hong Kong 2015","2015-05-22 09:32:00.0","2015-05-24 09:32:00.0","127","4","33","4","true","Item Updated"
"a0TM000000AUlvCMAT","5550b92a7261691a55c11100","Art Aspen 2015","2015-08-13 12:00:00.0","2015-08-16 19:00:00.0","82","3","18","3","true","Item Updated"
"a0TM000000AUlvDMAT","5554d1807261692a32580000","20|21 International Art Fair","2015-05-14 12:46:00.0","2015-05-17 12:46:00.0","39","1","26","1","true","Item Updated"
"a0TM000000AUlvEMAT","553f867f7261691a95e70500","arteBA 2015","2015-06-04 11:00:00.0","2015-06-07 17:00:00.0","898","61","254","61","true","Item Updated"
"a0TM000000AUlvFMAT","55649d46726169300c8f1000"," Amsterdam Art Fair 2015","2015-05-27 16:18:00.0","2015-05-31 16:18:00.0","12","1","3","1","false","Item Updated"
"a0TM000000AUlvGMAT","556ff3ae7261697d1b8e0c00","Art Busan 2015","2015-06-05 06:42:00.0","2015-06-08 06:42:00.0","36","2","13","2","false","Item Updated"
"a0TM000000AUlvHMAT","542c6ed97261692d90e60a00","Design Miami/ 2014","2014-12-03 10:00:00.0","2014-12-07 18:00:00.0","415","33","171","33","true","Item Updated"
"a0TM000000AUlvIMAT","555a00917261692b17cd0000","LISTE 2015","2015-06-15 12:00:00.0","2015-06-21 18:00:00.0","541","61","134","61","true","Item Updated"
"a0TM000000AUlvJMAT","558d97e472616970d60000b5","IDA","2015-09-10 14:00:00.0","2015-09-13 14:00:00.0","139","16","43","16","true","Item Updated"
"a0TM000000AUlyMMAT","5593e6b47261694e400003a5","West Bund Art & Design 2015","2015-09-08 10:00:00.0","2015-09-08 17:00:00.0","300","25","146","25","true","Item Updated"
"a0TM000000AUlyNMAT","559eb9f7726169701300036c","NEWD Art Show 2015","2015-06-06 18:13:00.0","2015-06-07 18:13:00.0","13","1","9","1","false","Item Updated"
"a0TM000000AUlyOMAT","50d25052fc92ad341500187f","UNTITLED 2012","2012-12-05 05:00:00.0","2012-12-09 05:00:00.0","0","0","0","0","true","Item Updated"
"a0TM000000AUlyPMAT","52dd9495b202a34ea6000016","San Francisco Fine Art Fair 2012","2012-05-16 04:00:00.0","2012-05-20 04:00:00.0","0","0","0","0","true","Item Updated"
"a0TM000000AUlyQMAT","54dd26fa726169436d040600","Art Beijing","2015-05-01 22:19:00.0","2015-05-03 22:19:00.0","343","30","178","30","true","Item Updated"
"a0TM000000AUlyRMAT","52bddb68c9dc24b0da00008b","Palm Springs Fine Art Fair","2014-02-13 05:00:00.0","2014-02-16 05:00:00.0","113","7","45","7","true","Item Updated"
"a0TM000000AUlySMAT","52d805aa1a1e86519f000014","Winter Antiques Show 2014","2014-01-24 05:00:00.0","2014-02-02 05:00:00.0","11","1","9","1","true","Item Updated"
"a0TM000000AUlyTMAT","534464dc7622dd27960001d1","artMRKT San Francisco 2014","2014-05-15 21:05:00.0","2014-05-18 21:05:00.0","85","6","32","6","true","Item Updated"
"a0TM000000AUlyUMAT","5385e836c9dc24841d000601","ARTMUC","2014-05-29 12:43:00.0","2014-06-01 13:43:00.0","29","1","5","1","true","Item Updated"
"a0TM000000AUlyVMAT","5508add87261694592700b00","Art Austria 2015","2015-03-19 22:41:00.0","2015-03-22 22:41:00.0","9","1","4","1","true","Item Updated"
"a0TM000000AUlyWMAT","5396388b275b24256700025f","Liste 2014","2014-06-17 22:41:00.0","2014-06-22 22:41:00.0","39","4","9","4","true","Item Updated"
"a0TM000000AUlyXMAT","54353cc2726169424f280000","Munich Highlights","2014-11-06 13:30:00.0","2014-11-12 13:30:00.0","16","2","12","2","true","Item Updated"
"a0TM000000AUlyYMAT","541367577261692d69370500","IFPDA Print Fair 2014","2014-11-05 12:00:00.0","2014-11-09 18:00:00.0","1158","60","398","61","true","Item Updated"
"a0TM000000AUlyZMAT","5457eb257261692d54390300","Aqua Art Miami 2014","2014-12-03 20:51:00.0","2014-12-07 20:51:00.0","167","5","48","5","true","Item Updated"
"a0TM000000AUlyaMAD","5465e09e7261691cc4920800","fotofever Paris 2014","2014-11-14 10:58:00.0","2014-11-16 10:58:00.0","11","1","2","1","true","Item Updated"
"a0TM000000AUlybMAD","547ddc5e7261692ce3f90100","Affordable Art Fair New York Fall 2013","2013-10-03 15:34:00.0","2013-10-06 15:34:00.0","12","2","3","2","true","Item Updated"
"a0TM000000AUlycMAD","547dddac7261692e04600900","Affordable Art Fair New York Spring 2012","2012-04-18 15:39:00.0","2012-04-22 15:39:00.0","0","0","0","0","true","Item Updated"
"a0TM000000AUlydMAD","54da398372616902bd8c0000","Design Days Dubai 2015 ","2015-03-16 17:01:00.0","2015-03-20 17:01:00.0","69","7","42","7","true","Item Updated"
"a0TM000000AUlyeMAD","5528382772616902b0722d00","Paris Photo Los Angeles 2015","2015-05-01 12:00:00.0","2015-05-03 18:00:00.0","657","49","123","50","true","Item Updated"
"a0TM000000AUlyfMAD","55a78b8772616951e300025f","Beirut Art Fair 2015","2015-09-17 18:00:00.0","2015-09-20 21:30:00.0","19","1","4","1","false","Item Updated"
"a0TM000000AUlygMAD","553009d7726169590a580100","Seattle Art Fair 2015","2015-07-30 15:12:00.0","2015-08-02 15:12:00.0","949","51","360","51","true","Item Updated"
"a0TM000000AUlyhMAD","55bbe39372616970e4000167","FIAC 12","2012-10-18 04:00:00.0","2012-10-21 04:00:00.0","15","1","1","1","true","Item Updated"
"a0TM000000AUlyiMAD","55bfc64f72616915ae000992","The Salon: Art + Design 2015","2015-11-12 19:00:00.0","2015-11-16 00:48:00.0","0","0","0","0","true","Item Updated"
"a0TM000000AUlyjMAD","55c126d172616908a00000e6","Sydney Contemporary 2013","2013-09-19 12:00:00.0","2013-09-23 00:00:00.0","21","2","5","2","true","Item Updated"
"a0TM000000AUlykMAD","55c1d245726169188b0002be","Mercado de Arte","2015-08-19 09:06:00.0","2015-08-23 09:06:00.0","27","1","6","1","true","Item Updated"
"a0TM000000AUlylMAD","55c4dd337261696692000000","Docks Art Fair 2015","2015-09-10 16:29:00.0","2015-09-13 16:29:00.0","0","0","0","0","true","Item Updated"
"a0TM000000AUlymMAD","555c30ba7261691bdda40000","Photo Shanghai 2015","2015-09-11 06:58:00.0","2015-09-13 06:58:00.0","851","42","218","42","true","Item Updated"
"a0TM000000AUlynMAD","55cb64807261690b8b000277","abc art berlin contemporary 2015","2015-09-17 16:00:00.0","2015-09-20 21:00:00.0","36","6","6","6","true","Item Updated"
"a0TM000000AUlyoMAD","515c923fcd4b8ee1dc0000a5","Dallas Art Fair 2013","2013-04-12 04:00:00.0","2013-04-14 04:00:00.0","1","1","1","1","true","Item Updated"
"a0TM000000AUlypMAD","55d2301c726169538c0000c4","SP-Arte/Foto 2015","2015-08-19 15:00:00.0","2015-08-23 20:00:00.0","31","2","10","2","true","Item Updated"
"a0TM000000AUlyqMAD","55a7b3857261693edb0002a1","viennacontemporary 2015","2015-09-24 06:00:00.0","2015-09-27 09:36:00.0","232","22","70","22","true","Item Updated"
"a0TM000000AUlyrMAD","55d3a51c726169698700019d","Art Los Angeles Contemporary","2016-01-27 17:34:00.0","2016-01-31 17:34:00.0","0","0","0","0","true","Item Updated"
"a0TM000000AUlysMAD","55d5f3777261695c3f000360","1:54 Contemporary African Art Fair London 2015","2015-10-15 12:00:00.0","2015-10-18 17:00:00.0","9","1","4","1","true","Item Updated"
"a0TM000000AUlytMAD","55300a817261695f89ea0000","CHART | ART FAIR 2015","2015-08-21 11:00:00.0","2015-08-23 17:00:00.0","315","28","93","28","true","Item Updated"
"a0TM000000AUlyuMAD","55db39df726169698a000364","Art Miami 2015","2015-12-01 11:35:00.0","2015-12-06 11:35:00.0","0","0","0","0","true","Item Updated"
"a0TM000000AUlyvMAD","55dcdaac7261693dab00021c","Asia Contemporary Art Show Hong Kong Fall 2015","2015-10-08 21:13:00.0","2015-10-11 21:13:00.0","0","0","0","0","false","Item Updated"
"a0TM000000AUlywMAD","55e484337261693db0000109","Frieze London 2015","2015-10-14 10:00:00.0","2015-10-17 17:00:00.0","16","4","13","4","true","Item Updated"
"a0TM000000AUlyxMAD","5220ccb58b3b81d69b00017c","Sydney Contemporary 2015","2015-09-10 14:00:00.0","2015-09-13 20:00:00.0","2002","89","510","89","true","Item Updated"
"a0TM000000AV0WcMAL","55e94eca72616947330008b3","Positions 2015","2015-09-17 07:54:00.0","2015-09-20 07:54:00.0","0","0","0","0","true","Item Updated"
"a0TM000000AUlzMMAT","5593e6537261697a710003db","Cosmoscow 2015","2015-09-11 10:00:00.0","2015-09-13 19:00:00.0","428","32","73","32","true","Item Updated"
"a0TM000000AV0WdMAL","55edb9b7726169547f0011f2","ZONA MACO FOTO 2015","2015-09-24 20:00:00.0","2015-09-27 23:00:00.0","11","3","4","3","true","Item Updated"
"a0TM000000AV0WeMAL","55f1bdca7261694e7a00023f","FIAC 15","2015-10-22 13:28:00.0","2015-10-25 13:28:00.0","17","1","6","1","true","Item Updated"
